unique_id,timestamp,HistoricAverage,SeasonalNaive,AutoARIMA
0,2014-09-21 01:00:00,12.71273777991813,2.0,8.017030353083072
0,2014-09-21 02:00:00,12.71273777991813,4.0,11.045942512665771
0,2014-09-21 03:00:00,12.71273777991813,0.0,12.743596659430125
0,2014-09-21 04:00:00,12.71273777991813,2.0,13.555532610499831
0,2014-09-21 05:00:00,12.71273777991813,0.0,13.899246520485738
0,2014-09-21 06:00:00,12.71273777991813,3.0,14.028135598232488
0,2014-09-21 07:00:00,12.71273777991813,1.0,14.069572718993205
0,2014-09-21 08:00:00,12.71273777991813,6.0,14.079760801130174
0,2014-09-21 09:00:00,12.71273777991813,8.0,14.080703205239521
0,2014-09-21 10:00:00,12.71273777991813,15.0,14.079875722602619
0,2014-09-21 11:00:00,12.71273777991813,14.0,14.079295821115245
0,2014-09-21 12:00:00,12.71273777991813,7.0,14.07923165136285
1,2014-09-21 01:00:00,11.694437755839152,4.0,2.948090071032761
1,2014-09-21 02:00:00,11.694437755839152,6.0,4.889819740782353
1,2014-09-21 03:00:00,11.694437755839152,3.0,6.757562777290983
1,2014-09-21 04:00:00,11.694437755839152,0.0,8.464449038762272
1,2014-09-21 05:00:00,11.694437755839152,1.0,9.908959865250612
1,2014-09-21 06:00:00,11.694437755839152,1.0,11.031408831503079
1,2014-09-21 07:00:00,11.694437755839152,2.0,11.808676006208723
1,2014-09-21 08:00:00,11.694437755839152,3.0,12.247750032477192
1,2014-09-21 09:00:00,11.694437755839152,12.0,12.379623746851765
1,2014-09-21 10:00:00,11.694437755839152,9.0,12.252467364524458
1,2014-09-21 11:00:00,11.694437755839152,14.0,11.924766439449423
1,2014-09-21 12:00:00,11.694437755839152,15.0,11.458987255982008
2,2014-09-21 01:00:00,12.376354442571635,2.0,5.1719132743827885
2,2014-09-21 02:00:00,12.376354442571635,1.0,8.873895393668064
2,2014-09-21 03:00:00,12.376354442571635,2.0,10.992312315208173
2,2014-09-21 04:00:00,12.376354442571635,0.0,12.264119986888833
2,2014-09-21 05:00:00,12.376354442571635,0.0,13.392695814981174
2,2014-09-21 06:00:00,12.376354442571635,0.0,14.207677726446233
2,2014-09-21 07:00:00,12.376354442571635,3.0,14.583256292772383
2,2014-09-21 08:00:00,12.376354442571635,6.0,14.70295199953256
2,2014-09-21 09:00:00,12.376354442571635,15.0,14.740203317638658
2,2014-09-21 10:00:00,12.376354442571635,7.0,14.730671411860406
2,2014-09-21 11:00:00,12.376354442571635,21.0,14.68052799251399
2,2014-09-21 12:00:00,12.376354442571635,21.0,14.618576239613574
3,2014-09-21 01:00:00,12.230917409101854,0.0,3.5713082913727954
3,2014-09-21 02:00:00,12.230917409101854,3.0,7.1543767164428465
3,2014-09-21 03:00:00,12.230917409101854,0.0,9.81220196730333
3,2014-09-21 04:00:00,12.230917409101854,0.0,11.210695223247958
3,2014-09-21 05:00:00,12.230917409101854,0.0,11.66496097342112
3,2014-09-21 06:00:00,12.230917409101854,2.0,11.585074776424571
3,2014-09-21 07:00:00,12.230917409101854,4.0,11.310703656399069
3,2014-09-21 08:00:00,12.230917409101854,6.0,11.04170532892728
3,2014-09-21 09:00:00,12.230917409101854,17.0,10.859020806860098
3,2014-09-21 10:00:00,12.230917409101854,15.0,10.768987735158248
3,2014-09-21 11:00:00,12.230917409101854,15.0,10.745283038158005
3,2014-09-21 12:00:00,12.230917409101854,18.0,10.756326764213805
0,2014-09-21 13:00:00,12.6890756302521,7.0,13.649469475979307
0,2014-09-21 14:00:00,12.6890756302521,13.0,14.071327346348543
0,2014-09-21 15:00:00,12.6890756302521,13.0,14.112959061175795
0,2014-09-21 16:00:00,12.6890756302521,21.0,14.070849543997976
0,2014-09-21 17:00:00,12.6890756302521,9.0,14.029984893852367
0,2014-09-21 18:00:00,12.6890756302521,14.0,14.005122560764233
0,2014-09-21 19:00:00,12.6890756302521,11.0,13.992820837638899
0,2014-09-21 20:00:00,12.6890756302521,7.0,13.987685478008826
0,2014-09-21 21:00:00,12.6890756302521,8.0,13.986024012118998
0,2014-09-21 22:00:00,12.6890756302521,5.0,13.985853390035857
0,2014-09-21 23:00:00,12.6890756302521,3.0,13.986251172670269
0,2014-09-22 00:00:00,12.6890756302521,4.0,13.98683585040893
1,2014-09-21 13:00:00,11.672989195678271,23.0,23.28394276049947
1,2014-09-21 14:00:00,11.672989195678271,23.0,20.840457195869877
1,2014-09-21 15:00:00,11.672989195678271,18.0,18.268136119876726
1,2014-09-21 16:00:00,11.672989195678271,20.0,15.346365905360436
1,2014-09-21 17:00:00,11.672989195678271,17.0,12.370464756354213
1,2014-09-21 18:00:00,11.672989195678271,21.0,9.585878104705836
1,2014-09-21 19:00:00,11.672989195678271,11.0,7.164101068568904
1,2014-09-21 20:00:00,11.672989195678271,2.0,5.217680244826269
1,2014-09-21 21:00:00,11.672989195678271,0.0,3.8027392803760267
1,2014-09-21 22:00:00,11.672989195678271,4.0,2.9250043528649536
1,2014-09-21 23:00:00,11.672989195678271,1.0,2.5488951884754742
1,2014-09-22 00:00:00,11.672989195678271,1.0,2.6079839953018387
2,2014-09-21 13:00:00,12.35390156062425,5.0,14.526794441482592
2,2014-09-21 14:00:00,12.35390156062425,12.0,14.501958408688111
2,2014-09-21 15:00:00,12.35390156062425,12.0,14.42348592699405
2,2014-09-21 16:00:00,12.35390156062425,16.0,14.404514003672201
2,2014-09-21 17:00:00,12.35390156062425,12.0,14.399968912031321
2,2014-09-21 18:00:00,12.35390156062425,9.0,14.39716486875215
2,2014-09-21 19:00:00,12.35390156062425,12.0,14.395308346716547
2,2014-09-21 20:00:00,12.35390156062425,9.0,14.394365373476287
2,2014-09-21 21:00:00,12.35390156062425,2.0,14.394079611915796
2,2014-09-21 22:00:00,12.35390156062425,5.0,14.394224855294823
2,2014-09-21 23:00:00,12.35390156062425,3.0,14.39465225880324
2,2014-09-22 00:00:00,12.35390156062425,2.0,14.395265871601303
3,2014-09-21 13:00:00,12.212244897959184,28.0,14.708650725098584
3,2014-09-21 14:00:00,12.212244897959184,19.0,12.486228457736765
3,2014-09-21 15:00:00,12.212244897959184,24.0,11.014317598925613
3,2014-09-21 16:00:00,12.212244897959184,20.0,10.303789252948908
3,2014-09-21 17:00:00,12.212244897959184,14.0,10.130444151935047
3,2014-09-21 18:00:00,12.212244897959184,10.0,10.232046535683864
3,2014-09-21 19:00:00,12.212244897959184,11.0,10.415320600412398
3,2014-09-21 20:00:00,12.212244897959184,3.0,10.575017093699799
3,2014-09-21 21:00:00,12.212244897959184,0.0,10.675170453406926
3,2014-09-21 22:00:00,12.212244897959184,5.0,10.719537425861946
3,2014-09-21 23:00:00,12.212244897959184,1.0,10.727077305766205
3,2014-09-22 00:00:00,12.212244897959184,0.0,10.717092791097148
0,2014-09-22 01:00:00,12.679195594924588,4.0,4.396036396082053
0,2014-09-22 02:00:00,12.679195594924588,1.0,8.802998443300671
0,2014-09-22 03:00:00,12.679195594924588,2.0,11.536535600681795
0,2014-09-22 04:00:00,12.679195594924588,1.0,12.931368821353253
0,2014-09-22 05:00:00,12.679195594924588,1.0,13.556422124535455
0,2014-09-22 06:00:00,12.679195594924588,1.0,13.806233123427019
0,2014-09-22 07:00:00,12.679195594924588,3.0,13.894109011660554
0,2014-09-22 08:00:00,12.679195594924588,2.0,13.919808403172238
0,2014-09-22 09:00:00,12.679195594924588,12.0,13.924831507801908
0,2014-09-22 10:00:00,12.679195594924588,8.0,13.924469520990346
0,2014-09-22 11:00:00,12.679195594924588,7.0,13.92350750285171
0,2014-09-22 12:00:00,12.679195594924588,12.0,13.923030255365866
1,2014-09-22 01:00:00,11.669140531481926,2.0,4.8750073333050095
1,2014-09-22 02:00:00,11.669140531481926,3.0,6.8888103162767065
1,2014-09-22 03:00:00,11.669140531481926,1.0,8.54351853325519
1,2014-09-22 04:00:00,11.669140531481926,0.0,9.645790935809949
1,2014-09-22 05:00:00,11.669140531481926,0.0,10.524896048442468
1,2014-09-22 06:00:00,11.669140531481926,0.0,10.959467620712948
1,2014-09-22 07:00:00,11.669140531481926,0.0,11.06927008434839
1,2014-09-22 08:00:00,11.669140531481926,0.0,10.977347154309033
1,2014-09-22 09:00:00,11.669140531481926,5.0,10.794354801247064
1,2014-09-22 10:00:00,11.669140531481926,7.0,10.58307405984823
1,2014-09-22 11:00:00,11.669140531481926,8.0,10.395438015043192
1,2014-09-22 12:00:00,11.669140531481926,25.0,10.255961963738487
2,2014-09-22 01:00:00,12.343548000957625,0.0,4.0769540566707025
2,2014-09-22 02:00:00,12.343548000957625,0.0,7.617052367268223
2,2014-09-22 03:00:00,12.343548000957625,0.0,10.369005070888845
2,2014-09-22 04:00:00,12.343548000957625,0.0,11.490675253082854
2,2014-09-22 05:00:00,12.343548000957625,1.0,12.87170419363614
2,2014-09-22 06:00:00,12.343548000957625,1.0,13.81212476900443
2,2014-09-22 07:00:00,12.343548000957625,1.0,14.337717853231926
2,2014-09-22 08:00:00,12.343548000957625,4.0,14.487977149287719
2,2014-09-22 09:00:00,12.343548000957625,6.0,14.568539411131473
2,2014-09-22 10:00:00,12.343548000957625,22.0,14.5790418227013
2,2014-09-22 11:00:00,12.343548000957625,7.0,14.542997993505796
2,2014-09-22 12:00:00,12.343548000957625,13.0,14.478790582418478
3,2014-09-22 01:00:00,12.205889394302131,0.0,3.3924204738148296
3,2014-09-22 02:00:00,12.205889394302131,0.0,6.6100652531737225
3,2014-09-22 03:00:00,12.205889394302131,1.0,9.295313502703912
3,2014-09-22 04:00:00,12.205889394302131,0.0,10.7875288616646
3,2014-09-22 05:00:00,12.205889394302131,0.0,11.35701701962067
3,2014-09-22 06:00:00,12.205889394302131,0.0,11.360098556420082
3,2014-09-22 07:00:00,12.205889394302131,1.0,11.13097222054495
3,2014-09-22 08:00:00,12.205889394302131,7.0,10.877066258538596
3,2014-09-22 09:00:00,12.205889394302131,11.0,10.692260972361174
3,2014-09-22 10:00:00,12.205889394302131,14.0,10.593524491441412
3,2014-09-22 11:00:00,12.205889394302131,18.0,10.561052649759162
3,2014-09-22 12:00:00,12.205889394302131,17.0,10.566010495640379
0,2014-09-22 13:00:00,12.6767724994032,14.0,11.409492716201003
0,2014-09-22 14:00:00,12.6767724994032,17.0,12.796254691810715
0,2014-09-22 15:00:00,12.6767724994032,7.0,13.471431447855394
0,2014-09-22 16:00:00,12.6767724994032,8.0,13.76177199955415
0,2014-09-22 17:00:00,12.6767724994032,16.0,13.872545701046024
0,2014-09-22 18:00:00,12.6767724994032,12.0,13.909048469652515
0,2014-09-22 19:00:00,12.6767724994032,10.0,13.918507065022997
0,2014-09-22 20:00:00,12.6767724994032,12.0,13.919719323965024
0,2014-09-22 21:00:00,12.6767724994032,4.0,13.919209541030526
0,2014-09-22 22:00:00,12.6767724994032,6.0,13.91880847839614
0,2014-09-22 23:00:00,12.6767724994032,5.0,13.918804694614783
0,2014-09-23 00:00:00,12.6767724994032,0.0,13.919099069462037
1,2014-09-22 13:00:00,11.662449271902602,18.0,6.180937967355131
1,2014-09-22 14:00:00,11.662449271902602,17.0,5.007984723309292
1,2014-09-22 15:00:00,11.662449271902602,7.0,4.329733144469502
1,2014-09-22 16:00:00,11.662449271902602,14.0,4.09749122487576
1,2014-09-22 17:00:00,11.662449271902602,19.0,4.248314762020085
1,2014-09-22 18:00:00,11.662449271902602,12.0,4.698562856661267
1,2014-09-22 19:00:00,11.662449271902602,8.0,5.357814985294012
1,2014-09-22 20:00:00,11.662449271902602,12.0,6.137192297508986
1,2014-09-22 21:00:00,11.662449271902602,4.0,6.955599950129324
1,2014-09-22 22:00:00,11.662449271902602,4.0,7.744331716335635
1,2014-09-22 23:00:00,11.662449271902602,6.0,8.4498830624086
1,2014-09-23 00:00:00,11.662449271902602,3.0,9.0350894736072
2,2014-09-22 13:00:00,12.334924803055621,13.0,13.441710382324217
2,2014-09-22 14:00:00,12.334924803055621,18.0,12.285262724983484
2,2014-09-22 15:00:00,12.334924803055621,10.0,13.323377860077889
2,2014-09-22 16:00:00,12.334924803055621,11.0,13.688118549986982
2,2014-09-22 17:00:00,12.334924803055621,9.0,13.885659421709924
2,2014-09-22 18:00:00,12.334924803055621,16.0,13.921173715192523
2,2014-09-22 19:00:00,12.334924803055621,7.0,14.132380874415666
2,2014-09-22 20:00:00,12.334924803055621,5.0,14.24128660897306
2,2014-09-22 21:00:00,12.334924803055621,7.0,14.287687007553487
2,2014-09-22 22:00:00,12.334924803055621,4.0,14.2945472833756
2,2014-09-22 23:00:00,12.334924803055621,5.0,14.311451223822475
2,2014-09-23 00:00:00,12.334924803055621,0.0,14.316034273468135
3,2014-09-22 13:00:00,12.201002625925042,21.0,6.234718111272853
3,2014-09-22 14:00:00,12.201002625925042,15.0,7.832336473150146
3,2014-09-22 15:00:00,12.201002625925042,10.0,9.433149145522453
3,2014-09-22 16:00:00,12.201002625925042,21.0,10.447381918560328
3,2014-09-22 17:00:00,12.201002625925042,15.0,10.925256502249674
3,2014-09-22 18:00:00,12.201002625925042,18.0,11.027369333939433
3,2014-09-22 19:00:00,12.201002625925042,6.0,10.944111608967718
3,2014-09-22 20:00:00,12.201002625925042,6.0,10.810101679360237
3,2014-09-22 21:00:00,12.201002625925042,2.0,10.697097899540593
3,2014-09-22 22:00:00,12.201002625925042,2.0,10.628009573499185
3,2014-09-22 23:00:00,12.201002625925042,4.0,10.598595452660048
3,2014-09-23 00:00:00,12.201002625925042,0.0,10.594714633967827
0,2014-09-23 01:00:00,12.668412282789811,0.0,6.5104000620827085
0,2014-09-23 02:00:00,12.668412282789811,0.0,10.119206588089032
0,2014-09-23 03:00:00,12.668412282789811,1.0,12.193695684199803
0,2014-09-23 04:00:00,12.668412282789811,1.0,13.203149357625763
0,2014-09-23 05:00:00,12.668412282789811,2.0,13.637068181950085
0,2014-09-23 06:00:00,12.668412282789811,5.0,13.802494867426718
0,2014-09-23 07:00:00,12.668412282789811,27.0,13.856850598200477
0,2014-09-23 08:00:00,12.668412282789811,42.0,13.8707380022069
0,2014-09-23 09:00:00,12.668412282789811,33.0,13.872268603464814
0,2014-09-23 10:00:00,12.668412282789811,16.0,13.871207344114046
0,2014-09-23 11:00:00,12.668412282789811,6.0,13.870299725703601
0,2014-09-23 12:00:00,12.668412282789811,9.0,13.86998220587693
1,2014-09-23 01:00:00,11.674363246845989,0.0,1.7785354863071712
1,2014-09-23 02:00:00,11.674363246845989,1.0,2.7337694199254807
1,2014-09-23 03:00:00,11.674363246845989,1.0,4.1182101046617845
1,2014-09-23 04:00:00,11.674363246845989,0.0,5.919029842525795
1,2014-09-23 05:00:00,11.674363246845989,1.0,8.02714757171092
1,2014-09-23 06:00:00,11.674363246845989,8.0,10.252752140028718
1,2014-09-23 07:00:00,11.674363246845989,11.0,12.39856695572218
1,2014-09-23 08:00:00,11.674363246845989,34.0,14.316118929724798
1,2014-09-23 09:00:00,11.674363246845989,30.0,15.903204344982486
1,2014-09-23 10:00:00,11.674363246845989,8.0,17.098940206153138
1,2014-09-23 11:00:00,11.674363246845989,10.0,17.87973099249989
1,2014-09-23 12:00:00,11.674363246845989,8.0,18.255729122994197
2,2014-09-23 01:00:00,12.336110449892884,2.0,5.082059267244449
2,2014-09-23 02:00:00,12.336110449892884,0.0,8.170873285970114
2,2014-09-23 03:00:00,12.336110449892884,0.0,10.842553180614805
2,2014-09-23 04:00:00,12.336110449892884,0.0,11.882842989776409
2,2014-09-23 05:00:00,12.336110449892884,3.0,13.119399452810862
2,2014-09-23 06:00:00,12.336110449892884,2.0,13.904850810821072
2,2014-09-23 07:00:00,12.336110449892884,14.0,14.357514047665232
2,2014-09-23 08:00:00,12.336110449892884,30.0,14.470255118066907
2,2014-09-23 09:00:00,12.336110449892884,23.0,14.524148354656056
2,2014-09-23 10:00:00,12.336110449892884,9.0,14.51585939778192
2,2014-09-23 11:00:00,12.336110449892884,15.0,14.47524753931279
2,2014-09-23 12:00:00,12.336110449892884,14.0,14.413085337167738
3,2014-09-23 01:00:00,12.208759819090693,0.0,4.294844094592191
3,2014-09-23 02:00:00,12.208759819090693,1.0,7.610825726979757
3,2014-09-23 03:00:00,12.208759819090693,2.0,9.97689213643494
3,2014-09-23 04:00:00,12.208759819090693,0.0,11.193511960742093
3,2014-09-23 05:00:00,12.208759819090693,4.0,11.561312223053234
3,2014-09-23 06:00:00,12.208759819090693,8.0,11.463262016595614
3,2014-09-23 07:00:00,12.208759819090693,27.0,11.204141849167145
3,2014-09-23 08:00:00,12.208759819090693,38.0,10.959479509908057
3,2014-09-23 09:00:00,12.208759819090693,23.0,10.797190784618648
3,2014-09-23 10:00:00,12.208759819090693,9.0,10.719520160021846
3,2014-09-23 11:00:00,12.208759819090693,9.0,10.70097603938563
3,2014-09-23 12:00:00,12.208759819090693,5.0,10.712589022814715
0,2014-09-23 13:00:00,12.671492997863755,15.0,16.617023939400447
0,2014-09-23 14:00:00,12.671492997863755,13.0,15.331003609633898
0,2014-09-23 15:00:00,12.671492997863755,13.0,14.551364743132643
0,2014-09-23 16:00:00,12.671492997863755,15.0,14.159349198894876
0,2014-09-23 17:00:00,12.671492997863755,18.0,13.986281178285662
0,2014-09-23 18:00:00,12.671492997863755,16.0,13.918602367723572
0,2014-09-23 19:00:00,12.671492997863755,12.0,13.895827526663933
0,2014-09-23 20:00:00,12.671492997863755,6.0,13.890007717870112
0,2014-09-23 21:00:00,12.671492997863755,2.0,13.8896701839458
0,2014-09-23 22:00:00,12.671492997863755,3.0,13.890666990382789
0,2014-09-23 23:00:00,12.671492997863755,2.0,13.891744627225473
0,2014-09-24 00:00:00,12.671492997863755,2.0,13.892646804481663
1,2014-09-23 13:00:00,11.668169950154285,10.0,8.808410369122692
1,2014-09-23 14:00:00,11.668169950154285,8.0,10.358796296247283
1,2014-09-23 15:00:00,11.668169950154285,14.0,11.757920959947898
1,2014-09-23 16:00:00,11.668169950154285,26.0,12.945609666137967
1,2014-09-23 17:00:00,11.668169950154285,41.0,13.867351523462311
1,2014-09-23 18:00:00,11.668169950154285,24.0,14.50455980710659
1,2014-09-23 19:00:00,11.668169950154285,22.0,14.863948544091295
1,2014-09-23 20:00:00,11.668169950154285,15.0,14.971606047341748
1,2014-09-23 21:00:00,11.668169950154285,11.0,14.867519152144913
1,2014-09-23 22:00:00,11.668169950154285,12.0,14.59993248237215
1,2014-09-23 23:00:00,11.668169950154285,5.0,14.220148581796913
1,2014-09-24 00:00:00,11.668169950154285,2.0,13.778096459569962
2,2014-09-23 13:00:00,12.332779492048422,9.0,20.474292562245
2,2014-09-23 14:00:00,12.332779492048422,17.0,17.56242588699123
2,2014-09-23 15:00:00,12.332779492048422,23.0,15.471629131823843
2,2014-09-23 16:00:00,12.332779492048422,18.0,15.635392703744495
2,2014-09-23 17:00:00,12.332779492048422,44.0,15.208912058540841
2,2014-09-23 18:00:00,12.332779492048422,16.0,14.60767953927482
2,2014-09-23 19:00:00,12.332779492048422,10.0,14.22609593698928
2,2014-09-23 20:00:00,12.332779492048422,2.0,14.208903239068793
2,2014-09-23 21:00:00,12.332779492048422,6.0,14.19481577388371
2,2014-09-23 22:00:00,12.332779492048422,2.0,14.167050790569565
2,2014-09-23 23:00:00,12.332779492048422,5.0,14.162712116371713
2,2014-09-24 00:00:00,12.332779492048422,1.0,14.196529353889574
3,2014-09-23 13:00:00,12.206741039639212,7.0,7.079969787893792
3,2014-09-23 14:00:00,12.206741039639212,15.0,8.58461610256456
3,2014-09-23 15:00:00,12.206741039639212,11.0,9.921975893646376
3,2014-09-23 16:00:00,12.206741039639212,27.0,10.74045623281732
3,2014-09-23 17:00:00,12.206741039639212,42.0,11.09677063914869
3,2014-09-23 18:00:00,12.206741039639212,31.0,11.14882643012799
3,2014-09-23 19:00:00,12.206741039639212,17.0,11.059421181416347
3,2014-09-23 20:00:00,12.206741039639212,14.0,10.939392502839677
3,2014-09-23 21:00:00,12.206741039639212,7.0,10.844252809114247
3,2014-09-23 22:00:00,12.206741039639212,6.0,10.789118016364954
3,2014-09-23 23:00:00,12.206741039639212,1.0,10.767740839201215
3,2014-09-24 00:00:00,12.206741039639212,1.0,10.766988910899233
0,2014-09-24 01:00:00,12.667218934911242,2.0,6.501005446910526
0,2014-09-24 02:00:00,12.667218934911242,0.0,10.100349539132981
0,2014-09-24 03:00:00,12.667218934911242,0.0,12.170279065221393
0,2014-09-24 04:00:00,12.667218934911242,0.0,13.179191885007787
0,2014-09-24 05:00:00,12.667218934911242,2.0,13.614382233494048
0,2014-09-24 06:00:00,12.667218934911242,12.0,13.781375927218763
0,2014-09-24 07:00:00,12.667218934911242,22.0,13.83695766044934
0,2014-09-24 08:00:00,12.667218934911242,31.0,13.851621748671285
0,2014-09-24 09:00:00,12.667218934911242,45.0,13.8535775117058
0,2014-09-24 10:00:00,12.667218934911242,16.0,13.8527205121597
0,2014-09-24 11:00:00,12.667218934911242,17.0,13.851896876529937
0,2014-09-24 12:00:00,12.667218934911242,18.0,13.851605116839163
1,2014-09-24 01:00:00,11.689467455621301,3.0,4.524217633363616
1,2014-09-24 02:00:00,11.689467455621301,1.0,6.481720790685607
1,2014-09-24 03:00:00,11.689467455621301,0.0,8.62438591097817
1,2014-09-24 04:00:00,11.689467455621301,0.0,10.804636198192124
1,2014-09-24 05:00:00,11.689467455621301,0.0,12.884987041484067
1,2014-09-24 06:00:00,11.689467455621301,7.0,14.7503603624893
1,2014-09-24 07:00:00,11.689467455621301,14.0,16.316335720940437
1,2014-09-24 08:00:00,11.689467455621301,39.0,17.5319964625154
1,2014-09-24 09:00:00,11.689467455621301,25.0,18.378816477524282
1,2014-09-24 10:00:00,11.689467455621301,12.0,18.866829165746182
1,2014-09-24 11:00:00,11.689467455621301,6.0,19.029109507494972
1,2014-09-24 12:00:00,11.689467455621301,7.0,18.915425251164613
2,2014-09-24 01:00:00,12.338224852071006,0.0,4.690396068860068
2,2014-09-24 02:00:00,12.338224852071006,0.0,7.786537740094179
2,2014-09-24 03:00:00,12.338224852071006,2.0,10.290226658813378
2,2014-09-24 04:00:00,12.338224852071006,1.0,11.578614437403775
2,2014-09-24 05:00:00,12.338224852071006,3.0,12.901441263859317
2,2014-09-24 06:00:00,12.338224852071006,4.0,13.760764585813934
2,2014-09-24 07:00:00,12.338224852071006,20.0,14.242815054859925
2,2014-09-24 08:00:00,12.338224852071006,25.0,14.411248353264334
2,2014-09-24 09:00:00,12.338224852071006,28.0,14.492126454374382
2,2014-09-24 10:00:00,12.338224852071006,18.0,14.49806481112848
2,2014-09-24 11:00:00,12.338224852071006,12.0,14.46159507738942
2,2014-09-24 12:00:00,12.338224852071006,21.0,14.40405616945282
3,2014-09-24 01:00:00,12.223195266272189,0.0,6.392911291133462
3,2014-09-24 02:00:00,12.223195266272189,1.0,8.987699333915122
3,2014-09-24 03:00:00,12.223195266272189,0.0,10.65746604797189
3,2014-09-24 04:00:00,12.223195266272189,0.0,11.473513630822659
3,2014-09-24 05:00:00,12.223195266272189,1.0,11.669170447759566
3,2014-09-24 06:00:00,12.223195266272189,23.0,11.55041020041512
3,2014-09-24 07:00:00,12.223195266272189,34.0,11.337917570089367
3,2014-09-24 08:00:00,12.223195266272189,39.0,11.153210651969074
3,2014-09-24 09:00:00,12.223195266272189,15.0,11.037606282570417
3,2014-09-24 10:00:00,12.223195266272189,11.0,10.986678636396555
3,2014-09-24 11:00:00,12.223195266272189,8.0,10.978389716387799
3,2014-09-24 12:00:00,12.223195266272189,6.0,10.99031966112916
0,2014-09-24 13:00:00,12.665801274486665,10.0,10.919673200106109
0,2014-09-24 14:00:00,12.665801274486665,17.0,12.194176623562411
0,2014-09-24 15:00:00,12.665801274486665,13.0,13.048641476361594
0,2014-09-24 16:00:00,12.665801274486665,10.0,13.503427369699164
0,2014-09-24 17:00:00,12.665801274486665,20.0,13.71395986426896
0,2014-09-24 18:00:00,12.665801274486665,15.0,13.80089838736303
0,2014-09-24 19:00:00,12.665801274486665,19.0,13.832841635089231
0,2014-09-24 20:00:00,12.665801274486665,13.0,13.84299098924541
0,2014-09-24 21:00:00,12.665801274486665,5.0,13.845584105513096
0,2014-09-24 22:00:00,12.665801274486665,8.0,13.846046924083144
0,2014-09-24 23:00:00,12.665801274486665,2.0,13.846162702354416
0,2014-09-25 00:00:00,12.665801274486665,2.0,13.84638343640637
1,2014-09-24 13:00:00,11.689166863346708,10.0,9.613280328791564
1,2014-09-24 14:00:00,11.689166863346708,17.0,11.67004925238291
1,2014-09-24 15:00:00,11.689166863346708,23.0,13.02361687984898
1,2014-09-24 16:00:00,11.689166863346708,33.0,13.918314562503996
1,2014-09-24 17:00:00,11.689166863346708,47.0,14.49428450460332
1,2014-09-24 18:00:00,11.689166863346708,44.0,14.821723315044734
1,2014-09-24 19:00:00,11.689166863346708,17.0,14.942563993599606
1,2014-09-24 20:00:00,11.689166863346708,14.0,14.890912643555842
1,2014-09-24 21:00:00,11.689166863346708,9.0,14.700964216705055
1,2014-09-24 22:00:00,11.689166863346708,7.0,14.408834620094268
1,2014-09-24 23:00:00,11.689166863346708,6.0,14.05165950328682
1,2014-09-25 00:00:00,11.689166863346708,3.0,13.665648693313754
2,2014-09-24 13:00:00,12.330658484776965,10.0,19.435165633247323
2,2014-09-24 14:00:00,12.330658484776965,17.0,17.136290111834715
2,2014-09-24 15:00:00,12.330658484776965,13.0,15.5299469122853
2,2014-09-24 16:00:00,12.330658484776965,23.0,15.820704291816986
2,2014-09-24 17:00:00,12.330658484776965,48.0,15.240044825051992
2,2014-09-24 18:00:00,12.330658484776965,14.0,14.65194800201424
2,2014-09-24 19:00:00,12.330658484776965,17.0,14.29426855103917
2,2014-09-24 20:00:00,12.330658484776965,11.0,14.261814820736188
2,2014-09-24 21:00:00,12.330658484776965,9.0,14.205148710653301
2,2014-09-24 22:00:00,12.330658484776965,4.0,14.160141741009316
2,2014-09-24 23:00:00,12.330658484776965,4.0,14.148740248087831
2,2014-09-25 00:00:00,12.330658484776965,1.0,14.175310702479507
3,2014-09-24 13:00:00,12.226103375029503,11.0,12.067301693292723
3,2014-09-24 14:00:00,12.226103375029503,12.0,11.156516822906362
3,2014-09-24 15:00:00,12.226103375029503,26.0,10.82400167414658
3,2014-09-24 16:00:00,12.226103375029503,15.0,10.762618760315428
3,2014-09-24 17:00:00,12.226103375029503,50.0,10.850965318317332
3,2014-09-24 18:00:00,12.226103375029503,43.0,10.969133955570861
3,2014-09-24 19:00:00,12.226103375029503,22.0,11.06394977780646
3,2014-09-24 20:00:00,12.226103375029503,15.0,11.119207295589462
3,2014-09-24 21:00:00,12.226103375029503,6.0,11.140910709058872
3,2014-09-24 22:00:00,12.226103375029503,10.0,11.141923992553902
3,2014-09-24 23:00:00,12.226103375029503,2.0,11.134055977834507
3,2014-09-25 00:00:00,12.226103375029503,4.0,11.12496343908871
0,2014-09-25 01:00:00,12.663685573076018,0.0,6.127916872388184
0,2014-09-25 02:00:00,12.663685573076018,0.0,9.789442402463411
0,2014-09-25 03:00:00,12.663685573076018,0.0,11.977040566351125
0,2014-09-25 04:00:00,12.663685573076018,0.0,13.069390504933711
0,2014-09-25 05:00:00,12.663685573076018,2.0,13.55040622529177
0,2014-09-25 06:00:00,12.663685573076018,13.0,13.739155432348886
0,2014-09-25 07:00:00,12.663685573076018,28.0,13.80393606234545
0,2014-09-25 08:00:00,12.663685573076018,26.0,13.822055162332962
0,2014-09-25 09:00:00,12.663685573076018,36.0,13.825118801756473
0,2014-09-25 10:00:00,12.663685573076018,18.0,13.824521688510195
0,2014-09-25 11:00:00,12.663685573076018,13.0,13.823700879540311
0,2014-09-25 12:00:00,12.663685573076018,10.0,13.823358765896852
1,2014-09-25 01:00:00,11.694516356789833,1.0,7.15882247656215
1,2014-09-25 02:00:00,11.694516356789833,0.0,9.90867529550718
1,2014-09-25 03:00:00,11.694516356789833,1.0,12.227133114654656
1,2014-09-25 04:00:00,11.694516356789833,0.0,14.098301872911016
1,2014-09-25 05:00:00,11.694516356789833,0.0,15.512309475311156
1,2014-09-25 06:00:00,11.694516356789833,8.0,16.47738521112541
1,2014-09-25 07:00:00,11.694516356789833,22.0,17.023077840871018
1,2014-09-25 08:00:00,11.694516356789833,45.0,17.197955210958675
1,2014-09-25 09:00:00,11.694516356789833,34.0,17.064610239999567
1,2014-09-25 10:00:00,11.694516356789833,10.0,16.693706380783432
1,2014-09-25 11:00:00,11.694516356789833,11.0,16.158112795752032
1,2014-09-25 12:00:00,11.694516356789833,7.0,15.527753182550228
2,2014-09-25 01:00:00,12.332313485526006,1.0,5.332431394970518
2,2014-09-25 02:00:00,12.332313485526006,1.0,8.338319261010216
2,2014-09-25 03:00:00,12.332313485526006,0.0,10.60101287308185
2,2014-09-25 04:00:00,12.332313485526006,0.0,12.109206959810434
2,2014-09-25 05:00:00,12.332313485526006,2.0,13.24943171520099
2,2014-09-25 06:00:00,12.332313485526006,2.0,13.955291588056017
2,2014-09-25 07:00:00,12.332313485526006,17.0,14.318480179545428
2,2014-09-25 08:00:00,12.332313485526006,28.0,14.455771233446171
2,2014-09-25 09:00:00,12.332313485526006,19.0,14.490471798541973
2,2014-09-25 10:00:00,12.332313485526006,14.0,14.464935770235682
2,2014-09-25 11:00:00,12.332313485526006,11.0,14.411095901769087
2,2014-09-25 12:00:00,12.332313485526006,21.0,14.351559489697499
3,2014-09-25 01:00:00,12.22852435867263,1.0,4.723459501604886
3,2014-09-25 02:00:00,12.22852435867263,1.0,7.471504882647403
3,2014-09-25 03:00:00,12.22852435867263,0.0,9.855860422837107
3,2014-09-25 04:00:00,12.22852435867263,0.0,11.223112862694025
3,2014-09-25 05:00:00,12.22852435867263,4.0,11.773436416634754
3,2014-09-25 06:00:00,12.22852435867263,26.0,11.805817559952954
3,2014-09-25 07:00:00,12.22852435867263,27.0,11.615550510249358
3,2014-09-25 08:00:00,12.22852435867263,37.0,11.391932071604435
3,2014-09-25 09:00:00,12.22852435867263,23.0,11.224405844040954
3,2014-09-25 10:00:00,12.22852435867263,11.0,11.13235630409553
3,2014-09-25 11:00:00,12.22852435867263,16.0,11.100300741914607
3,2014-09-25 12:00:00,12.22852435867263,13.0,11.103095230812194
0,2014-09-25 13:00:00,12.636470312133302,20.0,4.145189796644258
0,2014-09-25 14:00:00,12.636470312133302,14.0,7.811854429286091
0,2014-09-25 15:00:00,12.636470312133302,9.0,10.374189337423882
0,2014-09-25 16:00:00,12.636470312133302,15.0,11.204598859985463
0,2014-09-25 17:00:00,12.636470312133302,22.0,11.66415964537754
0,2014-09-25 18:00:00,12.636470312133302,24.0,12.454756553752818
0,2014-09-25 19:00:00,12.636470312133302,17.0,12.375428771669666
0,2014-09-25 20:00:00,12.636470312133302,12.0,12.298665035406884
0,2014-09-25 21:00:00,12.636470312133302,1.0,12.775870462521727
0,2014-09-25 22:00:00,12.636470312133302,3.0,12.580957898952601
0,2014-09-25 23:00:00,12.636470312133302,4.0,12.40767693219513
0,2014-09-26 00:00:00,12.636470312133302,2.0,12.810170055766386
1,2014-09-25 13:00:00,11.669091762497066,13.0,3.767154079123756
1,2014-09-25 14:00:00,11.669091762497066,15.0,5.997945744197734
1,2014-09-25 15:00:00,11.669091762497066,17.0,8.298530052242706
1,2014-09-25 16:00:00,11.669091762497066,23.0,9.99082588921146
1,2014-09-25 17:00:00,11.669091762497066,36.0,11.10218343365786
1,2014-09-25 18:00:00,11.669091762497066,18.0,11.611556566119969
1,2014-09-25 19:00:00,11.669091762497066,12.0,11.718989557903466
1,2014-09-25 20:00:00,11.669091762497066,9.0,11.562150675421318
1,2014-09-25 21:00:00,11.669091762497066,9.0,11.284725353168058
1,2014-09-25 22:00:00,11.669091762497066,6.0,10.986218925128782
1,2014-09-25 23:00:00,11.669091762497066,1.0,10.731869380454835
1,2014-09-26 00:00:00,11.669091762497066,4.0,10.548786875250887
2,2014-09-25 13:00:00,12.303919267777516,17.0,7.254332184495091
2,2014-09-25 14:00:00,12.303919267777516,15.0,9.072286441855926
2,2014-09-25 15:00:00,12.303919267777516,17.0,11.081879604104248
2,2014-09-25 16:00:00,12.303919267777516,23.0,12.256779529643225
2,2014-09-25 17:00:00,12.303919267777516,24.0,13.355422321162498
2,2014-09-25 18:00:00,12.303919267777516,22.0,13.874802207921318
2,2014-09-25 19:00:00,12.303919267777516,17.0,14.177978846559036
2,2014-09-25 20:00:00,12.303919267777516,12.0,14.282543541978809
2,2014-09-25 21:00:00,12.303919267777516,4.0,14.327117923996052
2,2014-09-25 22:00:00,12.303919267777516,1.0,14.30017813333907
2,2014-09-25 23:00:00,12.303919267777516,1.0,14.255206579530647
2,2014-09-26 00:00:00,12.303919267777516,2.0,14.205226897802927
3,2014-09-25 13:00:00,12.198310255808495,7.0,4.600406955016826
3,2014-09-25 14:00:00,12.198310255808495,15.0,7.794292260397762
3,2014-09-25 15:00:00,12.198310255808495,17.0,10.124938748402627
3,2014-09-25 16:00:00,12.198310255808495,22.0,11.297110591991427
3,2014-09-25 17:00:00,12.198310255808495,34.0,11.644321793567544
3,2014-09-25 18:00:00,12.198310255808495,21.0,11.53749884860711
3,2014-09-25 19:00:00,12.198310255808495,14.0,11.27745281542419
3,2014-09-25 20:00:00,12.198310255808495,9.0,11.034750325474123
3,2014-09-25 21:00:00,12.198310255808495,5.0,10.874891837662764
3,2014-09-25 22:00:00,12.198310255808495,5.0,10.799056347501304
3,2014-09-25 23:00:00,12.198310255808495,6.0,10.781584632492294
3,2014-09-26 00:00:00,12.198310255808495,2.0,10.793683203632167
0,2014-09-26 01:00:00,12.619939152820033,1.0,6.36223460660303
0,2014-09-26 02:00:00,12.619939152820033,0.0,8.81670730812088
0,2014-09-26 03:00:00,12.619939152820033,1.0,10.585446007392774
0,2014-09-26 04:00:00,12.619939152820033,0.0,11.813989963835503
0,2014-09-26 05:00:00,12.619939152820033,2.0,11.834903105283974
0,2014-09-26 06:00:00,12.619939152820033,9.0,12.209236726977892
0,2014-09-26 07:00:00,12.619939152820033,8.0,12.693874075555623
0,2014-09-26 08:00:00,12.619939152820033,3.0,12.350218944058776
0,2014-09-26 09:00:00,12.619939152820033,8.0,12.467267028491323
0,2014-09-26 10:00:00,12.619939152820033,1.0,12.825078961591334
0,2014-09-26 11:00:00,12.619939152820033,2.0,12.454103957218091
0,2014-09-26 12:00:00,12.619939152820033,1.0,12.503426453488183
1,2014-09-26 01:00:00,11.653639129417272,2.0,3.8851013229210967
1,2014-09-26 02:00:00,11.653639129417272,0.0,6.160793844334801
1,2014-09-26 03:00:00,11.653639129417272,0.0,8.084009183746288
1,2014-09-26 04:00:00,11.653639129417272,0.0,9.622013366286271
1,2014-09-26 05:00:00,11.653639129417272,0.0,10.741000287223864
1,2014-09-26 06:00:00,11.653639129417272,5.0,11.273202787351682
1,2014-09-26 07:00:00,11.653639129417272,1.0,11.410614313089106
1,2014-09-26 08:00:00,11.653639129417272,8.0,11.302342332222322
1,2014-09-26 09:00:00,11.653639129417272,12.0,11.070969337064101
1,2014-09-26 10:00:00,11.653639129417272,2.0,10.805292274311672
1,2014-09-26 11:00:00,11.653639129417272,1.0,10.571249495521128
1,2014-09-26 12:00:00,11.653639129417272,1.0,10.398250344631945
2,2014-09-26 01:00:00,12.290662298151181,0.0,4.119021061114484
2,2014-09-26 02:00:00,12.290662298151181,0.0,7.142769451889229
2,2014-09-26 03:00:00,12.290662298151181,0.0,9.388738038119678
2,2014-09-26 04:00:00,12.290662298151181,0.0,10.592230139769313
2,2014-09-26 05:00:00,12.290662298151181,1.0,11.646116344530551
2,2014-09-26 06:00:00,12.290662298151181,1.0,12.344699903610449
2,2014-09-26 07:00:00,12.290662298151181,3.0,12.713607503111984
2,2014-09-26 08:00:00,12.290662298151181,4.0,12.828345252556003
2,2014-09-26 09:00:00,12.290662298151181,11.0,12.862748106357314
2,2014-09-26 10:00:00,12.290662298151181,1.0,12.846882078634948
2,2014-09-26 11:00:00,12.290662298151181,3.0,12.802182794140894
2,2014-09-26 12:00:00,12.290662298151181,3.0,12.74572949522964
3,2014-09-26 01:00:00,12.184413760823777,0.0,6.152398752353333
3,2014-09-26 02:00:00,12.184413760823777,0.0,8.799923999802122
3,2014-09-26 03:00:00,12.184413760823777,0.0,10.518409013873736
3,2014-09-26 04:00:00,12.184413760823777,0.0,11.291165581796893
3,2014-09-26 05:00:00,12.184413760823777,0.0,11.438806881341042
3,2014-09-26 06:00:00,12.184413760823777,5.0,11.280282021176074
3,2014-09-26 07:00:00,12.184413760823777,4.0,11.044941939987327
3,2014-09-26 08:00:00,12.184413760823777,2.0,10.851024343681807
3,2014-09-26 09:00:00,12.184413760823777,2.0,10.734657708785823
3,2014-09-26 10:00:00,12.184413760823777,2.0,10.686595869583455
3,2014-09-26 11:00:00,12.184413760823777,2.0,10.681750671945236
3,2014-09-26 12:00:00,12.184413760823777,1.0,10.696285610842418
0,2014-09-26 13:00:00,12.616569428238039,2.0,12.068890960153928
0,2014-09-26 14:00:00,12.616569428238039,6.0,11.582433725550729
0,2014-09-26 15:00:00,12.616569428238039,8.0,11.787060328969165
0,2014-09-26 16:00:00,12.616569428238039,10.0,11.782699170712313
0,2014-09-26 17:00:00,12.616569428238039,10.0,12.014630133762246
0,2014-09-26 18:00:00,12.616569428238039,13.0,12.137232922091489
0,2014-09-26 19:00:00,12.616569428238039,14.0,12.315347159143254
0,2014-09-26 20:00:00,12.616569428238039,7.0,12.422801020629628
0,2014-09-26 21:00:00,12.616569428238039,1.0,12.526488623957476
0,2014-09-26 22:00:00,12.616569428238039,0.0,12.58522239391444
0,2014-09-26 23:00:00,12.616569428238039,6.0,12.629653985926321
0,2014-09-27 00:00:00,12.616569428238039,4.0,12.649181794528639
1,2014-09-26 13:00:00,11.647374562427071,2.0,12.201516214907464
1,2014-09-26 14:00:00,11.647374562427071,5.0,6.974984444896627
1,2014-09-26 15:00:00,11.647374562427071,3.0,2.9910613650392044
1,2014-09-26 16:00:00,11.647374562427071,6.0,0.4741340991015712
1,2014-09-26 17:00:00,11.647374562427071,9.0,-1.1754973014740941
1,2014-09-26 18:00:00,11.647374562427071,17.0,-2.0251469619739457
1,2014-09-26 19:00:00,11.647374562427071,13.0,-2.1150999487317126
1,2014-09-26 20:00:00,11.647374562427071,2.0,-1.528540146473964
1,2014-09-26 21:00:00,11.647374562427071,7.0,-0.42000700888938836
1,2014-09-26 22:00:00,11.647374562427071,6.0,1.040775610982243
1,2014-09-26 23:00:00,11.647374562427071,3.0,2.6881960793491557
1,2014-09-27 00:00:00,11.647374562427071,1.0,4.372308203836139
2,2014-09-26 13:00:00,12.280746791131856,6.0,14.874159183788144
2,2014-09-26 14:00:00,12.280746791131856,3.0,13.02364624328209
2,2014-09-26 15:00:00,12.280746791131856,8.0,13.167080260917913
2,2014-09-26 16:00:00,12.280746791131856,16.0,13.103963204279033
2,2014-09-26 17:00:00,12.280746791131856,18.0,12.846308790264555
2,2014-09-26 18:00:00,12.280746791131856,12.0,12.558088264864754
2,2014-09-26 19:00:00,12.280746791131856,15.0,12.540269160628732
2,2014-09-26 20:00:00,12.280746791131856,7.0,12.547908127961094
2,2014-09-26 21:00:00,12.280746791131856,2.0,12.538980594453106
2,2014-09-26 22:00:00,12.280746791131856,1.0,12.52502424525166
2,2014-09-26 23:00:00,12.280746791131856,2.0,12.539049949110288
2,2014-09-27 00:00:00,12.280746791131856,1.0,12.55486339586649
3,2014-09-26 13:00:00,12.17222870478413,4.0,10.348371905765243
3,2014-09-26 14:00:00,12.17222870478413,2.0,9.442169928993117
3,2014-09-26 15:00:00,12.17222870478413,4.0,9.521730357694217
3,2014-09-26 16:00:00,12.17222870478413,9.0,9.88422223138244
3,2014-09-26 17:00:00,12.17222870478413,19.0,10.276136116838018
3,2014-09-26 18:00:00,12.17222870478413,16.0,10.551898493278891
3,2014-09-26 19:00:00,12.17222870478413,12.0,10.695439722045286
3,2014-09-26 20:00:00,12.17222870478413,7.0,10.73924132106495
3,2014-09-26 21:00:00,12.17222870478413,6.0,10.7282768444718
3,2014-09-26 22:00:00,12.17222870478413,3.0,10.698053804097405
3,2014-09-26 23:00:00,12.17222870478413,2.0,10.669278434352414
3,2014-09-27 00:00:00,12.17222870478413,3.0,10.65005355817032
0,2014-09-27 01:00:00,12.607865952990458,5.0,6.457983023342599
0,2014-09-27 02:00:00,12.607865952990458,0.0,9.424685505795802
0,2014-09-27 03:00:00,12.607865952990458,0.0,10.790110735219478
0,2014-09-27 04:00:00,12.607865952990458,0.0,11.500956424625283
0,2014-09-27 05:00:00,12.607865952990458,2.0,12.169300612379155
0,2014-09-27 06:00:00,12.607865952990458,10.0,12.306881498199687
0,2014-09-27 07:00:00,12.607865952990458,17.0,12.329967612534142
0,2014-09-27 08:00:00,12.607865952990458,38.0,12.608990405702926
0,2014-09-27 09:00:00,12.607865952990458,28.0,12.56115272069239
0,2014-09-27 10:00:00,12.607865952990458,14.0,12.469365158012959
0,2014-09-27 11:00:00,12.607865952990458,11.0,12.671887348464594
0,2014-09-27 12:00:00,12.607865952990458,12.0,12.607834164013479
1,2014-09-27 01:00:00,11.665580637654177,2.0,-0.9963442063532524
1,2014-09-27 02:00:00,11.665580637654177,1.0,-0.30572081040177945
1,2014-09-27 03:00:00,11.665580637654177,0.0,1.5791158749261829
1,2014-09-27 04:00:00,11.665580637654177,0.0,4.066624243569269
1,2014-09-27 05:00:00,11.665580637654177,0.0,7.01010223172231
1,2014-09-27 06:00:00,11.665580637654177,3.0,10.137630251694228
1,2014-09-27 07:00:00,11.665580637654177,12.0,13.198535700274725
1,2014-09-27 08:00:00,11.665580637654177,28.0,15.972132472912644
1,2014-09-27 09:00:00,11.665580637654177,29.0,18.303690809580687
1,2014-09-27 10:00:00,11.665580637654177,9.0,20.09702402441933
1,2014-09-27 11:00:00,11.665580637654177,12.0,21.311222332939558
1,2014-09-27 12:00:00,11.665580637654177,17.0,21.95352544100583
2,2014-09-27 01:00:00,12.280893646730277,0.0,4.552439746599264
2,2014-09-27 02:00:00,12.280893646730277,2.0,8.021287634546715
2,2014-09-27 03:00:00,12.280893646730277,1.0,9.224958560243659
2,2014-09-27 04:00:00,12.280893646730277,0.0,10.22155646875958
2,2014-09-27 05:00:00,12.280893646730277,2.0,11.376385254317153
2,2014-09-27 06:00:00,12.280893646730277,1.0,12.20164430694032
2,2014-09-27 07:00:00,12.280893646730277,18.0,12.518054201024862
2,2014-09-27 08:00:00,12.280893646730277,22.0,12.645314410542628
2,2014-09-27 09:00:00,12.280893646730277,19.0,12.724950371996435
2,2014-09-27 10:00:00,12.280893646730277,9.0,12.748786713819653
2,2014-09-27 11:00:00,12.280893646730277,15.0,12.713798152710421
2,2014-09-27 12:00:00,12.280893646730277,16.0,12.665575504883288
3,2014-09-27 01:00:00,12.190598091691879,0.0,3.8456100009931133
3,2014-09-27 02:00:00,12.190598091691879,0.0,7.054165022449302
3,2014-09-27 03:00:00,12.190598091691879,0.0,9.610390085300509
3,2014-09-27 04:00:00,12.190598091691879,0.0,11.054308891606393
3,2014-09-27 05:00:00,12.190598091691879,0.0,11.602394123710523
3,2014-09-27 06:00:00,12.190598091691879,7.0,11.60652665443399
3,2014-09-27 07:00:00,12.190598091691879,9.0,11.385100374490724
3,2014-09-27 08:00:00,12.190598091691879,14.0,11.13884433314369
3,2014-09-27 09:00:00,12.190598091691879,19.0,10.958782904868158
3,2014-09-27 10:00:00,12.190598091691879,15.0,10.861974833761625
3,2014-09-27 11:00:00,12.190598091691879,18.0,10.82966101561555
3,2014-09-27 12:00:00,12.190598091691879,12.0,10.834061272533575
0,2014-09-27 13:00:00,12.580413088883732,16.0,8.211674523475907
0,2014-09-27 14:00:00,12.580413088883732,11.0,9.489408141059366
0,2014-09-27 15:00:00,12.580413088883732,11.0,12.246076300708364
0,2014-09-27 16:00:00,12.580413088883732,11.0,12.421061987717747
0,2014-09-27 17:00:00,12.580413088883732,11.0,11.406697528698187
0,2014-09-27 18:00:00,12.580413088883732,12.0,12.145113782247726
0,2014-09-27 19:00:00,12.580413088883732,11.0,13.184832167361416
0,2014-09-27 20:00:00,12.580413088883732,9.0,12.527138517673386
0,2014-09-27 21:00:00,12.580413088883732,9.0,11.940689849501432
0,2014-09-27 22:00:00,12.580413088883732,7.0,12.686825851086681
0,2014-09-27 23:00:00,12.580413088883732,3.0,13.026603549159248
0,2014-09-28 00:00:00,12.580413088883732,3.0,12.348060390392874
1,2014-09-27 13:00:00,11.65049895567417,13.0,17.178814007769503
1,2014-09-27 14:00:00,11.65049895567417,18.0,19.654116312493024
1,2014-09-27 15:00:00,11.65049895567417,21.0,20.826201509290136
1,2014-09-27 16:00:00,11.65049895567417,43.0,21.22658034493946
1,2014-09-27 17:00:00,11.65049895567417,41.0,20.997470471572008
1,2014-09-27 18:00:00,11.65049895567417,30.0,20.26629244452194
1,2014-09-27 19:00:00,11.65049895567417,23.0,19.143086998016653
1,2014-09-27 20:00:00,11.65049895567417,10.0,17.773713725939526
1,2014-09-27 21:00:00,11.65049895567417,7.0,16.299945546628766
1,2014-09-27 22:00:00,11.65049895567417,7.0,14.84772053612454
1,2014-09-27 23:00:00,11.65049895567417,5.0,13.518683285381462
1,2014-09-28 00:00:00,11.65049895567417,0.0,12.388525597634617
2,2014-09-27 13:00:00,12.255279647249942,8.0,10.41670144182985
2,2014-09-27 14:00:00,12.255279647249942,14.0,11.607226009228347
2,2014-09-27 15:00:00,12.255279647249942,18.0,11.423267980052703
2,2014-09-27 16:00:00,12.255279647249942,34.0,12.129775205283591
2,2014-09-27 17:00:00,12.255279647249942,28.0,12.51508418182717
2,2014-09-27 18:00:00,12.255279647249942,10.0,12.638133628368012
2,2014-09-27 19:00:00,12.255279647249942,9.0,12.554511235848274
2,2014-09-27 20:00:00,12.255279647249942,5.0,12.553456053651388
2,2014-09-27 21:00:00,12.255279647249942,7.0,12.538157317013589
2,2014-09-27 22:00:00,12.255279647249942,11.0,12.504356608107356
2,2014-09-27 23:00:00,12.255279647249942,3.0,12.459401010523319
2,2014-09-28 00:00:00,12.255279647249942,1.0,12.434818031123504
3,2014-09-27 13:00:00,12.17614295660246,25.0,15.672483861981632
3,2014-09-27 14:00:00,12.17614295660246,20.0,13.015555095602501
3,2014-09-27 15:00:00,12.17614295660246,23.0,11.278979867502755
3,2014-09-27 16:00:00,12.17614295660246,25.0,10.402217486458259
3,2014-09-27 17:00:00,12.17614295660246,46.0,10.167893113718097
3,2014-09-27 18:00:00,12.17614295660246,29.0,10.268055571771121
3,2014-09-27 19:00:00,12.17614295660246,25.0,10.476453525412653
3,2014-09-27 20:00:00,12.17614295660246,10.0,10.664748837000674
3,2014-09-27 21:00:00,12.17614295660246,10.0,10.786413928469523
3,2014-09-27 22:00:00,12.17614295660246,8.0,10.84278819379164
3,2014-09-27 23:00:00,12.17614295660246,3.0,10.854688730034065
3,2014-09-28 00:00:00,12.17614295660246,1.0,10.844507666852202
0,2014-09-28 01:00:00,12.565609812543393,1.0,6.387160867186575
0,2014-09-28 02:00:00,12.565609812543393,2.0,9.801808161518313
0,2014-09-28 03:00:00,12.565609812543393,0.0,9.627007432601005
0,2014-09-28 04:00:00,12.565609812543393,0.0,11.502246551818569
0,2014-09-28 05:00:00,12.565609812543393,0.0,12.755836004203783
0,2014-09-28 06:00:00,12.565609812543393,3.0,12.089460305996358
0,2014-09-28 07:00:00,12.565609812543393,0.0,11.767405404957957
0,2014-09-28 08:00:00,12.565609812543393,2.0,12.733593803729896
0,2014-09-28 09:00:00,12.565609812543393,5.0,12.944368552855659
0,2014-09-28 10:00:00,12.565609812543393,10.0,12.196650420987035
0,2014-09-28 11:00:00,12.565609812543393,4.0,12.25716157315105
0,2014-09-28 12:00:00,12.565609812543393,6.0,12.891008112131205
1,2014-09-28 01:00:00,11.657718120805368,7.0,5.7856655510890045
1,2014-09-28 02:00:00,11.657718120805368,2.0,8.403560527993905
1,2014-09-28 03:00:00,11.657718120805368,2.0,10.65662824660843
1,2014-09-28 04:00:00,11.657718120805368,2.0,12.53906724019649
1,2014-09-28 05:00:00,11.657718120805368,0.0,13.980017712724079
1,2014-09-28 06:00:00,11.657718120805368,1.0,14.954976881563235
1,2014-09-28 07:00:00,11.657718120805368,3.0,15.482015093115777
1,2014-09-28 08:00:00,11.657718120805368,9.0,15.609173029750547
1,2014-09-28 09:00:00,11.657718120805368,9.0,15.405005553501205
1,2014-09-28 10:00:00,11.657718120805368,15.0,14.949525873229318
1,2014-09-28 11:00:00,11.657718120805368,11.0,14.325967182822733
1,2014-09-28 12:00:00,11.657718120805368,14.0,13.61391176425325
2,2014-09-28 01:00:00,12.23721360796112,3.0,6.521417954578226
2,2014-09-28 02:00:00,12.23721360796112,1.0,8.474262464656125
2,2014-09-28 03:00:00,12.23721360796112,2.0,9.730421597369556
2,2014-09-28 04:00:00,12.23721360796112,0.0,10.83890787559817
2,2014-09-28 05:00:00,12.23721360796112,0.0,11.729996917105112
2,2014-09-28 06:00:00,12.23721360796112,0.0,12.17654889530162
2,2014-09-28 07:00:00,12.23721360796112,1.0,12.361445618413168
2,2014-09-28 08:00:00,12.23721360796112,3.0,12.44251135404235
2,2014-09-28 09:00:00,12.23721360796112,7.0,12.469721059293164
2,2014-09-28 10:00:00,12.23721360796112,9.0,12.444298458501041
2,2014-09-28 11:00:00,12.23721360796112,3.0,12.397690899790108
2,2014-09-28 12:00:00,12.23721360796112,8.0,12.354418288865004
3,2014-09-28 01:00:00,12.184216616523953,1.0,6.921913485064448
3,2014-09-28 02:00:00,12.184216616523953,0.0,9.270380545594827
3,2014-09-28 03:00:00,12.184216616523953,3.0,10.771340663871866
3,2014-09-28 04:00:00,12.184216616523953,2.0,11.428430229398876
3,2014-09-28 05:00:00,12.184216616523953,0.0,11.541538234667028
3,2014-09-28 06:00:00,12.184216616523953,1.0,11.393477798192214
3,2014-09-28 07:00:00,12.184216616523953,4.0,11.18411061400026
3,2014-09-28 08:00:00,12.184216616523953,11.0,11.01421874759192
3,2014-09-28 09:00:00,12.184216616523953,13.0,10.913266921190216
3,2014-09-28 10:00:00,12.184216616523953,11.0,10.872003100799924
3,2014-09-28 11:00:00,12.184216616523953,20.0,10.86813017497821
3,2014-09-28 12:00:00,12.184216616523953,18.0,10.880869769156815
0,2014-09-28 13:00:00,12.54442649434572,8.0,16.0949895797003
0,2014-09-28 14:00:00,12.54442649434572,7.0,14.055849618327393
0,2014-09-28 15:00:00,12.54442649434572,14.0,13.944709496764334
0,2014-09-28 16:00:00,12.54442649434572,15.0,13.187531151113399
0,2014-09-28 17:00:00,12.54442649434572,8.0,12.465459093888999
0,2014-09-28 18:00:00,12.54442649434572,2.0,13.021275884391473
0,2014-09-28 19:00:00,12.54442649434572,6.0,12.724047694656452
0,2014-09-28 20:00:00,12.54442649434572,5.0,12.219074678833193
0,2014-09-28 21:00:00,12.54442649434572,6.0,12.837492354990577
0,2014-09-28 22:00:00,12.54442649434572,2.0,12.661337100147119
0,2014-09-28 23:00:00,12.54442649434572,10.0,12.195185138729002
0,2014-09-29 00:00:00,12.54442649434572,4.0,12.778148360286204
1,2014-09-28 13:00:00,11.637202861758597,17.0,14.062382238197861
1,2014-09-28 14:00:00,11.637202861758597,29.0,14.648102239141185
1,2014-09-28 15:00:00,11.637202861758597,25.0,14.335249437965368
1,2014-09-28 16:00:00,11.637202861758597,16.0,13.554936670935067
1,2014-09-28 17:00:00,11.637202861758597,29.0,12.378590890197085
1,2014-09-28 18:00:00,11.637202861758597,22.0,10.97317772365131
1,2014-09-28 19:00:00,11.637202861758597,9.0,9.466132582607669
1,2014-09-28 20:00:00,11.637202861758597,7.0,7.987663800969422
1,2014-09-28 21:00:00,11.637202861758597,6.0,6.640274669713558
1,2014-09-28 22:00:00,11.637202861758597,4.0,5.500948944583173
1,2014-09-28 23:00:00,11.637202861758597,4.0,4.617983405120941
1,2014-09-29 00:00:00,11.637202861758597,3.0,4.013259314671709
2,2014-09-28 13:00:00,12.221786291253173,6.0,18.863601319947954
2,2014-09-28 14:00:00,12.221786291253173,7.0,17.35840595288723
2,2014-09-28 15:00:00,12.221786291253173,10.0,15.515029073817594
2,2014-09-28 16:00:00,12.221786291253173,9.0,14.332815063462169
2,2014-09-28 17:00:00,12.221786291253173,6.0,13.32717398640545
2,2014-09-28 18:00:00,12.221786291253173,10.0,12.722953189314714
2,2014-09-28 19:00:00,12.221786291253173,3.0,12.326397040889566
2,2014-09-28 20:00:00,12.221786291253173,4.0,12.13993527419084
2,2014-09-28 21:00:00,12.221786291253173,7.0,12.051854786134651
2,2014-09-28 22:00:00,12.221786291253173,3.0,12.03819377313123
2,2014-09-28 23:00:00,12.221786291253173,1.0,12.054983576779504
2,2014-09-29 00:00:00,12.221786291253173,3.0,12.08813957460297
3,2014-09-28 13:00:00,12.16224324948073,22.0,9.735196661976234
3,2014-09-28 14:00:00,12.16224324948073,32.0,9.213096866109188
3,2014-09-28 15:00:00,12.16224324948073,24.0,9.639910165003894
3,2014-09-28 16:00:00,12.16224324948073,16.0,10.0990777043244
3,2014-09-28 17:00:00,12.16224324948073,29.0,10.486884279835953
3,2014-09-28 18:00:00,12.16224324948073,22.0,10.710773779818478
3,2014-09-28 19:00:00,12.16224324948073,11.0,10.801568733397165
3,2014-09-28 20:00:00,12.16224324948073,8.0,10.808522981682081
3,2014-09-28 21:00:00,12.16224324948073,7.0,10.779032380743269
3,2014-09-28 22:00:00,12.16224324948073,3.0,10.743596165069967
3,2014-09-28 23:00:00,12.16224324948073,3.0,10.716690231347599
3,2014-09-29 00:00:00,12.16224324948073,4.0,10.701618219585049
0,2014-09-29 01:00:00,12.533716915995397,3.0,5.241907931297675
0,2014-09-29 02:00:00,12.533716915995397,2.0,8.468445189616785
0,2014-09-29 03:00:00,12.533716915995397,2.0,10.7290264982765
0,2014-09-29 04:00:00,12.533716915995397,4.0,11.678908097592048
0,2014-09-29 05:00:00,12.533716915995397,0.0,11.57128627987253
0,2014-09-29 06:00:00,12.533716915995397,1.0,12.014756417513913
0,2014-09-29 07:00:00,12.533716915995397,1.0,12.631422697313255
0,2014-09-29 08:00:00,12.533716915995397,3.0,12.478742216857025
0,2014-09-29 09:00:00,12.533716915995397,7.0,12.203073419140487
0,2014-09-29 10:00:00,12.533716915995397,11.0,12.505652404505867
0,2014-09-29 11:00:00,12.533716915995397,9.0,12.72157582837978
0,2014-09-29 12:00:00,12.533716915995397,16.0,12.453578055512608
1,2014-09-29 01:00:00,11.648101265822785,4.0,6.407261497591621
1,2014-09-29 02:00:00,11.648101265822785,3.0,7.9647091147904145
1,2014-09-29 03:00:00,11.648101265822785,0.0,8.777288232619807
1,2014-09-29 04:00:00,11.648101265822785,1.0,9.800545441184681
1,2014-09-29 05:00:00,11.648101265822785,0.0,10.554582593669771
1,2014-09-29 06:00:00,11.648101265822785,0.0,10.967296879010517
1,2014-09-29 07:00:00,11.648101265822785,5.0,11.11353429877433
1,2014-09-29 08:00:00,11.648101265822785,1.0,11.111038012848732
1,2014-09-29 09:00:00,11.648101265822785,3.0,11.008025922355705
1,2014-09-29 10:00:00,11.648101265822785,11.0,10.865030859026804
1,2014-09-29 11:00:00,11.648101265822785,10.0,10.726492129214558
1,2014-09-29 12:00:00,11.648101265822785,13.0,10.616647150713941
2,2014-09-29 01:00:00,12.215880322209436,1.0,4.559756395584355
2,2014-09-29 02:00:00,12.215880322209436,0.0,7.50607609741213
2,2014-09-29 03:00:00,12.215880322209436,0.0,9.104030996481587
2,2014-09-29 04:00:00,12.215880322209436,3.0,10.05478029913312
2,2014-09-29 05:00:00,12.215880322209436,0.0,11.023368111618508
2,2014-09-29 06:00:00,12.215880322209436,2.0,11.737409940790185
2,2014-09-29 07:00:00,12.215880322209436,0.0,12.077371138186175
2,2014-09-29 08:00:00,12.215880322209436,3.0,12.201911601461369
2,2014-09-29 09:00:00,12.215880322209436,10.0,12.263140614127005
2,2014-09-29 10:00:00,12.215880322209436,20.0,12.278129524865848
2,2014-09-29 11:00:00,12.215880322209436,20.0,12.251163380126238
2,2014-09-29 12:00:00,12.215880322209436,21.0,12.208639960723602
3,2014-09-29 01:00:00,12.165477560414269,0.0,2.800359858158167
3,2014-09-29 02:00:00,12.165477560414269,1.0,5.7120504798039455
3,2014-09-29 03:00:00,12.165477560414269,0.0,8.649800938570982
3,2014-09-29 04:00:00,12.165477560414269,0.0,10.466826542331168
3,2014-09-29 05:00:00,12.165477560414269,2.0,11.31731578732975
3,2014-09-29 06:00:00,12.165477560414269,0.0,11.492529339033469
3,2014-09-29 07:00:00,12.165477560414269,1.0,11.339163456017488
3,2014-09-29 08:00:00,12.165477560414269,4.0,11.096982642825413
3,2014-09-29 09:00:00,12.165477560414269,10.0,10.893330192326287
3,2014-09-29 10:00:00,12.165477560414269,5.0,10.768438366410429
3,2014-09-29 11:00:00,12.165477560414269,18.0,10.714601038376403
3,2014-09-29 12:00:00,12.165477560414269,10.0,10.706661001947126
0,2014-09-29 13:00:00,12.541657103511591,14.0,17.2560974938669
0,2014-09-29 14:00:00,12.541657103511591,7.0,13.905093100165427
0,2014-09-29 15:00:00,12.541657103511591,10.0,12.557421288668793
0,2014-09-29 16:00:00,12.541657103511591,8.0,11.338747203297967
0,2014-09-29 17:00:00,12.541657103511591,11.0,11.056566797926315
0,2014-09-29 18:00:00,12.541657103511591,16.0,10.910471189543685
0,2014-09-29 19:00:00,12.541657103511591,12.0,11.122971442394347
0,2014-09-29 20:00:00,12.541657103511591,10.0,11.355496424343924
0,2014-09-29 21:00:00,12.541657103511591,7.0,11.668136853427537
0,2014-09-29 22:00:00,12.541657103511591,4.0,11.9302271752276
0,2014-09-29 23:00:00,12.541657103511591,3.0,12.167313735372199
0,2014-09-30 00:00:00,12.541657103511591,2.0,12.339905518992358
1,2014-09-29 13:00:00,11.639889832453523,19.0,12.52711290427172
1,2014-09-29 14:00:00,11.639889832453523,21.0,11.21838645950018
1,2014-09-29 15:00:00,11.639889832453523,20.0,10.30372885845025
1,2014-09-29 16:00:00,11.639889832453523,30.0,9.576462001095376
1,2014-09-29 17:00:00,11.639889832453523,27.0,9.056371449114579
1,2014-09-29 18:00:00,11.639889832453523,16.0,8.748267926842791
1,2014-09-29 19:00:00,11.639889832453523,17.0,8.633564917529538
1,2014-09-29 20:00:00,11.639889832453523,8.0,8.68285455813012
1,2014-09-29 21:00:00,11.639889832453523,4.0,8.860354446929815
1,2014-09-29 22:00:00,11.639889832453523,14.0,9.127632311308696
1,2014-09-29 23:00:00,11.639889832453523,6.0,9.447018612155045
1,2014-09-30 00:00:00,11.639889832453523,5.0,9.78429688646419
2,2014-09-29 13:00:00,12.210924948358963,12.0,18.223156326860064
2,2014-09-29 14:00:00,12.210924948358963,13.0,15.216920583986672
2,2014-09-29 15:00:00,12.210924948358963,19.0,13.354976047266454
2,2014-09-29 16:00:00,12.210924948358963,14.0,13.738180717185594
2,2014-09-29 17:00:00,12.210924948358963,11.0,13.062550113965928
2,2014-09-29 18:00:00,12.210924948358963,16.0,12.421618133310098
2,2014-09-29 19:00:00,12.210924948358963,9.0,12.068738225300807
2,2014-09-29 20:00:00,12.210924948358963,9.0,12.07978519771389
2,2014-09-29 21:00:00,12.210924948358963,5.0,12.039909810015054
2,2014-09-29 22:00:00,12.210924948358963,7.0,12.005038405280624
2,2014-09-29 23:00:00,12.210924948358963,4.0,12.003845628957704
2,2014-09-30 00:00:00,12.210924948358963,2.0,12.040793873663327
3,2014-09-29 13:00:00,12.165939866880882,17.0,11.339367852273025
3,2014-09-29 14:00:00,12.165939866880882,21.0,11.544699422543744
3,2014-09-29 15:00:00,12.165939866880882,19.0,11.359978803677855
3,2014-09-29 16:00:00,12.165939866880882,22.0,11.14044958964533
3,2014-09-29 17:00:00,12.165939866880882,25.0,10.95701160557495
3,2014-09-29 18:00:00,12.165939866880882,20.0,10.849664080363528
3,2014-09-29 19:00:00,12.165939866880882,10.0,10.805786012122669
3,2014-09-29 20:00:00,12.165939866880882,11.0,10.8019458400936
3,2014-09-29 21:00:00,12.165939866880882,4.0,10.81573189545702
3,2014-09-29 22:00:00,12.165939866880882,3.0,10.832538810588856
3,2014-09-29 23:00:00,12.165939866880882,8.0,10.845385734687582
3,2014-09-30 00:00:00,12.165939866880882,0.0,10.852625276848045
0,2014-09-30 01:00:00,12.540856031128405,2.0,4.582788505305137
0,2014-09-30 02:00:00,12.540856031128405,1.0,8.11681556835406
0,2014-09-30 03:00:00,12.540856031128405,1.0,10.008927876956465
0,2014-09-30 04:00:00,12.540856031128405,0.0,11.799357431152739
0,2014-09-30 05:00:00,12.540856031128405,2.0,12.669230303554102
0,2014-09-30 06:00:00,12.540856031128405,11.0,13.298918191708417
0,2014-09-30 07:00:00,12.540856031128405,27.0,13.477820821145949
0,2014-09-30 08:00:00,12.540856031128405,60.0,13.520991869151652
0,2014-09-30 09:00:00,12.540856031128405,44.0,13.394125744756142
0,2014-09-30 10:00:00,12.540856031128405,9.0,13.238095846161004
0,2014-09-30 11:00:00,12.540856031128405,8.0,13.0522081645411
0,2014-09-30 12:00:00,12.540856031128405,20.0,12.891076429635065
1,2014-09-30 01:00:00,11.655756466010528,0.0,4.600661438299318
1,2014-09-30 02:00:00,11.655756466010528,1.0,6.233389434438403
1,2014-09-30 03:00:00,11.655756466010528,0.0,7.988528766920464
1,2014-09-30 04:00:00,11.655756466010528,0.0,9.481171114635586
1,2014-09-30 05:00:00,11.655756466010528,0.0,10.627257088151948
1,2014-09-30 06:00:00,11.655756466010528,6.0,11.281460809176076
1,2014-09-30 07:00:00,11.655756466010528,14.0,11.560856012739851
1,2014-09-30 08:00:00,11.655756466010528,26.0,11.572330862139982
1,2014-09-30 09:00:00,11.655756466010528,27.0,11.428309914531788
1,2014-09-30 10:00:00,11.655756466010528,8.0,11.217443097470463
1,2014-09-30 11:00:00,11.655756466010528,8.0,11.008174055887237
1,2014-09-30 12:00:00,11.655756466010528,14.0,10.837784550337794
2,2014-09-30 01:00:00,12.226825360494392,1.0,3.1198875948449807
2,2014-09-30 02:00:00,12.226825360494392,0.0,6.364499819230831
2,2014-09-30 03:00:00,12.226825360494392,1.0,8.423452901470888
2,2014-09-30 04:00:00,12.226825360494392,1.0,9.396401232837052
2,2014-09-30 05:00:00,12.226825360494392,2.0,10.650203736970807
2,2014-09-30 06:00:00,12.226825360494392,2.0,11.570783299895787
2,2014-09-30 07:00:00,12.226825360494392,12.0,12.05940108049708
2,2014-09-30 08:00:00,12.226825360494392,39.0,12.234365558420244
2,2014-09-30 09:00:00,12.226825360494392,22.0,12.341826633906885
2,2014-09-30 10:00:00,12.226825360494392,14.0,12.381558193374408
2,2014-09-30 11:00:00,12.226825360494392,10.0,12.364272574029796
2,2014-09-30 12:00:00,12.226825360494392,21.0,12.317371357545447
3,2014-09-30 01:00:00,12.168917372396429,0.0,3.1161366137658977
3,2014-09-30 02:00:00,12.168917372396429,0.0,6.243092544433671
3,2014-09-30 03:00:00,12.168917372396429,1.0,9.11543045808629
3,2014-09-30 04:00:00,12.168917372396429,0.0,10.813718224299683
3,2014-09-30 05:00:00,12.168917372396429,4.0,11.547458529071456
3,2014-09-30 06:00:00,12.168917372396429,11.0,11.64426891522602
3,2014-09-30 07:00:00,12.168917372396429,44.0,11.45109881379259
3,2014-09-30 08:00:00,12.168917372396429,34.0,11.197230101196824
3,2014-09-30 09:00:00,12.168917372396429,24.0,10.997053501238456
3,2014-09-30 10:00:00,12.168917372396429,11.0,10.880943753840151
3,2014-09-30 11:00:00,12.168917372396429,8.0,10.835487256678299
3,2014-09-30 12:00:00,12.168917372396429,11.0,10.833265911666503
0,2014-09-30 13:00:00,12.553298333713764,16.0,14.56935544091063
0,2014-09-30 14:00:00,12.553298333713764,11.0,14.985574656491952
0,2014-09-30 15:00:00,12.553298333713764,10.0,13.298030292448466
0,2014-09-30 16:00:00,12.553298333713764,14.0,11.788090217147461
0,2014-09-30 17:00:00,12.553298333713764,19.0,12.908705709782929
0,2014-09-30 18:00:00,12.553298333713764,20.0,13.496264725016298
0,2014-09-30 19:00:00,12.553298333713764,17.0,12.222928274036459
0,2014-09-30 20:00:00,12.553298333713764,10.0,11.974687847940526
0,2014-09-30 21:00:00,12.553298333713764,9.0,13.036746888845888
0,2014-09-30 22:00:00,12.553298333713764,10.0,12.929446017876511
0,2014-09-30 23:00:00,12.553298333713764,9.0,12.066047058908152
0,2014-10-01 00:00:00,12.553298333713764,2.0,12.376233050229411
1,2014-09-30 13:00:00,11.646656014608537,10.0,12.62276376067787
1,2014-09-30 14:00:00,11.646656014608537,16.0,13.602146752225401
1,2014-09-30 15:00:00,11.646656014608537,7.0,14.428582490723585
1,2014-09-30 16:00:00,11.646656014608537,30.0,14.933730965281338
1,2014-09-30 17:00:00,11.646656014608537,40.0,15.133481851946332
1,2014-09-30 18:00:00,11.646656014608537,42.0,15.07766331802325
1,2014-09-30 19:00:00,11.646656014608537,20.0,14.821014775016861
1,2014-09-30 20:00:00,11.646656014608537,14.0,14.422329775982174
1,2014-09-30 21:00:00,11.646656014608537,14.0,13.939676969627598
1,2014-09-30 22:00:00,11.646656014608537,8.0,13.426015685657966
1,2014-09-30 23:00:00,11.646656014608537,5.0,12.926201937745885
1,2014-10-01 00:00:00,11.646656014608537,3.0,12.475209557184092
2,2014-09-30 13:00:00,12.2216388952294,18.0,18.610732761578372
2,2014-09-30 14:00:00,12.2216388952294,29.0,14.777838330005792
2,2014-09-30 15:00:00,12.2216388952294,15.0,13.833057000925873
2,2014-09-30 16:00:00,12.2216388952294,26.0,13.756846046481975
2,2014-09-30 17:00:00,12.2216388952294,40.0,13.17358706847724
2,2014-09-30 18:00:00,12.2216388952294,38.0,12.450155681996879
2,2014-09-30 19:00:00,12.2216388952294,18.0,12.190515542480632
2,2014-09-30 20:00:00,12.2216388952294,10.0,12.160495482516424
2,2014-09-30 21:00:00,12.2216388952294,9.0,12.125542395082629
2,2014-09-30 22:00:00,12.2216388952294,8.0,12.08245174952503
2,2014-09-30 23:00:00,12.2216388952294,5.0,12.09138611834878
2,2014-10-01 00:00:00,12.2216388952294,0.0,12.12538577024361
3,2014-09-30 13:00:00,12.166856881990412,9.0,15.468288285873722
3,2014-09-30 14:00:00,12.166856881990412,10.0,14.770744198787941
3,2014-09-30 15:00:00,12.166856881990412,9.0,13.174773642963324
3,2014-09-30 16:00:00,12.166856881990412,18.0,11.863570322600028
3,2014-09-30 17:00:00,12.166856881990412,34.0,11.035867709725515
3,2014-09-30 18:00:00,12.166856881990412,28.0,10.674725679886526
3,2014-09-30 19:00:00,12.166856881990412,24.0,10.615527759997137
3,2014-09-30 20:00:00,12.166856881990412,14.0,10.699964550665182
3,2014-09-30 21:00:00,12.166856881990412,4.0,10.817323989181535
3,2014-09-30 22:00:00,12.166856881990412,3.0,10.911914556807098
3,2014-09-30 23:00:00,12.166856881990412,6.0,10.967760704026997
3,2014-10-01 00:00:00,12.166856881990412,0.0,10.990299248086531
